model,auc,f1,accuracy,train_seconds
logreg,0.7727272727272727,0.8155935092241384,0.8277310924369747,5.39
random_forest,0.6918345829428304,0.732103952692188,0.8151260504201681,3.23
linear_svc,0.7502343017806934,0.7818436057990955,0.7773109243697479,4.25
sklearn_logreg,0.9237347703842548,0.9023255813953488,0.8235294117647058,
